﻿<?xml version="1.0" encoding="utf-8"?>
<ICDProject
  Name="tmhnc"
  Description=""
  Version="2022.1118.0.0"
  Id="{c5c609c6-47b8-44f7-a527-0bd3fdbcd0f7}"
  TemplateName="Provisioning package"
  TemplateType="ProvisioningPackage"
  ScenarioId="d2fa89db-1251-4bdf-b1bf-4b96016aaea4">
  <TargetEditions>
    <Sku>
      <StoreType>File</StoreType>
      <Name>All Windows editions</Name>
      <SourcePath>Microsoft-Common-Provisioning.dat</SourcePath>
      <Edition>WindowsCommon</Edition>
      <Version>10.0</Version>
      <Description>Selecting this option will display settings that apply to all Windows editions.</Description>
    </Sku>
    <Sku>
      <StoreType>File</StoreType>
      <Name>All Windows desktop editions</Name>
      <SourcePath>Microsoft-Desktop-Provisioning.dat</SourcePath>
      <Edition>Desktop</Edition>
      <Version>10.0</Version>
      <Description>Selecting this option will display settings that are specific to the desktop editions as well as settings that are common to all Windows editions.</Description>
    </Sku>
  </TargetEditions>
</ICDProject>